{
  "name": "multiscale-decomp_mse_q1_clic_level2",
  "description": "Inference (ans)",
  "results": {
    "psnr": [
      29.780239493741835
    ],
    "ms-ssim": [
      0.9315954999225896
    ],
    "bpp": [
      0.07222481821557912
    ],
    "encoding_time": [
      72.71091503050269
    ],
    "decoding_time": [
      146.86750760892542
    ]
  }
}