{
  "name": "multiscale-decomp_mse_q1_clic_level3",
  "description": "Inference (ans)",
  "results": {
    "psnr": [
      29.59228382953726
    ],
    "ms-ssim": [
      0.9284518070337249
    ],
    "bpp": [
      0.07265212348000893
    ],
    "encoding_time": [
      71.71457802958605
    ],
    "decoding_time": [
      145.15821075439453
    ]
  }
}