{
  "name": "multiscale-decomp_mse_q1_kodak_level1",
  "description": "Inference (ans)",
  "results": {
    "psnr": [
      28.053253325739547
    ],
    "ms-ssim": [
      0.9134912962714831
    ],
    "bpp": [
      0.09877861870659721
    ],
    "encoding_time": [
      12.032914529244104
    ],
    "decoding_time": [
      24.9516162276268
    ]
  }
}