{
  "name": "multiscale-decomp_mse_q1_kodak_level3",
  "description": "Inference (ans)",
  "results": {
    "psnr": [
      27.84364985274315
    ],
    "ms-ssim": [
      0.9099098667502403
    ],
    "bpp": [
      0.09937879774305554
    ],
    "encoding_time": [
      12.09356145064036
    ],
    "decoding_time": [
      25.033693850040436
    ]
  }
}