{
  "name": "multiscale-decomp_mse_q6_clic_level1",
  "description": "Inference (ans)",
  "results": {
    "psnr": [
      35.813874518982885
    ],
    "ms-ssim": [
      0.9812041041327686
    ],
    "bpp": [
      0.44972209825925
    ],
    "encoding_time": [
      134.0483500434131
    ],
    "decoding_time": [
      220.9199726290819
    ]
  }
}