{
  "name": "multiscale-decomp_mse_q6_kodak_level2",
  "description": "Inference (ans)",
  "results": {
    "psnr": [
      33.76526130222744
    ],
    "ms-ssim": [
      0.9761408666769663
    ],
    "bpp": [
      0.621120876736111
    ],
    "encoding_time": [
      21.95094233751297
    ],
    "decoding_time": [
      36.39286318421364
    ]
  }
}