{
  "name": "multiscale-decomp_mse_q6_kodak_level3",
  "description": "Inference (ans)",
  "results": {
    "psnr": [
      31.992764330755694
    ],
    "ms-ssim": [
      0.9630993182460467
    ],
    "bpp": [
      0.591000027126736
    ],
    "encoding_time": [
      21.964010049899418
    ],
    "decoding_time": [
      36.38594867785772
    ]
  }
}